recordid,rank,uid,jobid,start_time,end_time,filename,fstype,mountpt,BGQ_CSJOBID,BGQ_NNODES,BGQ_RANKSPERNODE,BGQ_DDRPERNODE,BGQ_INODES,BGQ_ANODES,BGQ_BNODES,BGQ_CNODES,BGQ_DNODES,BGQ_ENODES,BGQ_TORUSENABLED,BGQ_F_TIMESTAMP,H5D_OPENS,H5D_READS,H5D_WRITES,H5D_FLUSHES,H5D_BYTES_READ,H5D_BYTES_WRITTEN,H5D_RW_SWITCHES,H5D_REGULAR_HYPERSLAB_SELECTS,H5D_IRREGULAR_HYPERSLAB_SELECTS,H5D_POINT_SELECTS,H5D_MAX_READ_TIME_SIZE,H5D_MAX_WRITE_TIME_SIZE,H5D_SIZE_READ_AGG_0_100,H5D_SIZE_READ_AGG_100_1K,H5D_SIZE_READ_AGG_1K_10K,H5D_SIZE_READ_AGG_10K_100K,H5D_SIZE_READ_AGG_100K_1M,H5D_SIZE_READ_AGG_1M_4M,H5D_SIZE_READ_AGG_4M_10M,H5D_SIZE_READ_AGG_10M_100M,H5D_SIZE_READ_AGG_100M_1G,H5D_SIZE_READ_AGG_1G_PLUS,H5D_SIZE_WRITE_AGG_0_100,H5D_SIZE_WRITE_AGG_100_1K,H5D_SIZE_WRITE_AGG_1K_10K,H5D_SIZE_WRITE_AGG_10K_100K,H5D_SIZE_WRITE_AGG_100K_1M,H5D_SIZE_WRITE_AGG_1M_4M,H5D_SIZE_WRITE_AGG_4M_10M,H5D_SIZE_WRITE_AGG_10M_100M,H5D_SIZE_WRITE_AGG_100M_1G,H5D_SIZE_WRITE_AGG_1G_PLUS,H5D_ACCESS1_ACCESS,H5D_ACCESS1_LENGTH_D1,H5D_ACCESS1_LENGTH_D2,H5D_ACCESS1_LENGTH_D3,H5D_ACCESS1_LENGTH_D4,H5D_ACCESS1_LENGTH_D5,H5D_ACCESS1_STRIDE_D1,H5D_ACCESS1_STRIDE_D2,H5D_ACCESS1_STRIDE_D3,H5D_ACCESS1_STRIDE_D4,H5D_ACCESS1_STRIDE_D5,H5D_ACCESS2_ACCESS,H5D_ACCESS2_LENGTH_D1,H5D_ACCESS2_LENGTH_D2,H5D_ACCESS2_LENGTH_D3,H5D_ACCESS2_LENGTH_D4,H5D_ACCESS2_LENGTH_D5,H5D_ACCESS2_STRIDE_D1,H5D_ACCESS2_STRIDE_D2,H5D_ACCESS2_STRIDE_D3,H5D_ACCESS2_STRIDE_D4,H5D_ACCESS2_STRIDE_D5,H5D_ACCESS3_ACCESS,H5D_ACCESS3_LENGTH_D1,H5D_ACCESS3_LENGTH_D2,H5D_ACCESS3_LENGTH_D3,H5D_ACCESS3_LENGTH_D4,H5D_ACCESS3_LENGTH_D5,H5D_ACCESS3_STRIDE_D1,H5D_ACCESS3_STRIDE_D2,H5D_ACCESS3_STRIDE_D3,H5D_ACCESS3_STRIDE_D4,H5D_ACCESS3_STRIDE_D5,H5D_ACCESS4_ACCESS,H5D_ACCESS4_LENGTH_D1,H5D_ACCESS4_LENGTH_D2,H5D_ACCESS4_LENGTH_D3,H5D_ACCESS4_LENGTH_D4,H5D_ACCESS4_LENGTH_D5,H5D_ACCESS4_STRIDE_D1,H5D_ACCESS4_STRIDE_D2,H5D_ACCESS4_STRIDE_D3,H5D_ACCESS4_STRIDE_D4,H5D_ACCESS4_STRIDE_D5,H5D_ACCESS1_COUNT,H5D_ACCESS2_COUNT,H5D_ACCESS3_COUNT,H5D_ACCESS4_COUNT,H5D_DATASPACE_NDIMS,H5D_DATASPACE_NPOINTS,H5D_DATATYPE_SIZE,H5D_CHUNK_SIZE_D1,H5D_CHUNK_SIZE_D2,H5D_CHUNK_SIZE_D3,H5D_CHUNK_SIZE_D4,H5D_CHUNK_SIZE_D5,H5D_USE_MPIIO_COLLECTIVE,H5D_USE_DEPRECATED,H5D_FASTEST_RANK,H5D_FASTEST_RANK_BYTES,H5D_SLOWEST_RANK,H5D_SLOWEST_RANK_BYTES,H5D_F_OPEN_START_TIMESTAMP,H5D_F_READ_START_TIMESTAMP,H5D_F_WRITE_START_TIMESTAMP,H5D_F_CLOSE_START_TIMESTAMP,H5D_F_OPEN_END_TIMESTAMP,H5D_F_READ_END_TIMESTAMP,H5D_F_WRITE_END_TIMESTAMP,H5D_F_CLOSE_END_TIMESTAMP,H5D_F_READ_TIME,H5D_F_WRITE_TIME,H5D_F_META_TIME,H5D_F_MAX_READ_TIME,H5D_F_MAX_WRITE_TIME,H5D_F_FASTEST_RANK_TIME,H5D_F_SLOWEST_RANK_TIME,H5D_F_VARIANCE_RANK_TIME,H5D_F_VARIANCE_RANK_BYTES,H5F_OPENS,H5F_FLUSHES,H5F_USE_MPIIO,H5F_F_OPEN_START_TIMESTAMP,H5F_F_CLOSE_START_TIMESTAMP,H5F_F_OPEN_END_TIMESTAMP,H5F_F_CLOSE_END_TIMESTAMP,H5F_F_META_TIME,LUSTRE_OSTS,LUSTRE_MDTS,LUSTRE_STRIPE_OFFSET,LUSTRE_STRIPE_SIZE,LUSTRE_STRIPE_WIDTH,MPIIO_INDEP_OPENS,MPIIO_COLL_OPENS,MPIIO_INDEP_READS,MPIIO_INDEP_WRITES,MPIIO_COLL_READS,MPIIO_COLL_WRITES,MPIIO_SPLIT_READS,MPIIO_SPLIT_WRITES,MPIIO_NB_READS,MPIIO_NB_WRITES,MPIIO_SYNCS,MPIIO_HINTS,MPIIO_VIEWS,MPIIO_MODE,MPIIO_BYTES_READ,MPIIO_BYTES_WRITTEN,MPIIO_RW_SWITCHES,MPIIO_MAX_READ_TIME_SIZE,MPIIO_MAX_WRITE_TIME_SIZE,MPIIO_SIZE_READ_AGG_0_100,MPIIO_SIZE_READ_AGG_100_1K,MPIIO_SIZE_READ_AGG_1K_10K,MPIIO_SIZE_READ_AGG_10K_100K,MPIIO_SIZE_READ_AGG_100K_1M,MPIIO_SIZE_READ_AGG_1M_4M,MPIIO_SIZE_READ_AGG_4M_10M,MPIIO_SIZE_READ_AGG_10M_100M,MPIIO_SIZE_READ_AGG_100M_1G,MPIIO_SIZE_READ_AGG_1G_PLUS,MPIIO_SIZE_WRITE_AGG_0_100,MPIIO_SIZE_WRITE_AGG_100_1K,MPIIO_SIZE_WRITE_AGG_1K_10K,MPIIO_SIZE_WRITE_AGG_10K_100K,MPIIO_SIZE_WRITE_AGG_100K_1M,MPIIO_SIZE_WRITE_AGG_1M_4M,MPIIO_SIZE_WRITE_AGG_4M_10M,MPIIO_SIZE_WRITE_AGG_10M_100M,MPIIO_SIZE_WRITE_AGG_100M_1G,MPIIO_SIZE_WRITE_AGG_1G_PLUS,MPIIO_ACCESS1_ACCESS,MPIIO_ACCESS2_ACCESS,MPIIO_ACCESS3_ACCESS,MPIIO_ACCESS4_ACCESS,MPIIO_ACCESS1_COUNT,MPIIO_ACCESS2_COUNT,MPIIO_ACCESS3_COUNT,MPIIO_ACCESS4_COUNT,MPIIO_FASTEST_RANK,MPIIO_FASTEST_RANK_BYTES,MPIIO_SLOWEST_RANK,MPIIO_SLOWEST_RANK_BYTES,MPIIO_F_OPEN_START_TIMESTAMP,MPIIO_F_READ_START_TIMESTAMP,MPIIO_F_WRITE_START_TIMESTAMP,MPIIO_F_CLOSE_START_TIMESTAMP,MPIIO_F_OPEN_END_TIMESTAMP,MPIIO_F_READ_END_TIMESTAMP,MPIIO_F_WRITE_END_TIMESTAMP,MPIIO_F_CLOSE_END_TIMESTAMP,MPIIO_F_READ_TIME,MPIIO_F_WRITE_TIME,MPIIO_F_META_TIME,MPIIO_F_MAX_READ_TIME,MPIIO_F_MAX_WRITE_TIME,MPIIO_F_FASTEST_RANK_TIME,MPIIO_F_SLOWEST_RANK_TIME,MPIIO_F_VARIANCE_RANK_TIME,MPIIO_F_VARIANCE_RANK_BYTES,PNETCDF_FILE_CREATES,PNETCDF_FILE_OPENS,PNETCDF_FILE_REDEFS,PNETCDF_FILE_INDEP_WAITS,PNETCDF_FILE_COLL_WAITS,PNETCDF_FILE_SYNCS,PNETCDF_FILE_BYTES_READ,PNETCDF_FILE_BYTES_WRITTEN,PNETCDF_FILE_WAIT_FAILURES,PNETCDF_FILE_F_OPEN_START_TIMESTAMP,PNETCDF_FILE_F_CLOSE_START_TIMESTAMP,PNETCDF_FILE_F_WAIT_START_TIMESTAMP,PNETCDF_FILE_F_OPEN_END_TIMESTAMP,PNETCDF_FILE_F_CLOSE_END_TIMESTAMP,PNETCDF_FILE_F_WAIT_END_TIMESTAMP,PNETCDF_FILE_F_META_TIME,PNETCDF_FILE_F_WAIT_TIME,PNETCDF_VAR_OPENS,PNETCDF_VAR_INDEP_READS,PNETCDF_VAR_INDEP_WRITES,PNETCDF_VAR_COLL_READS,PNETCDF_VAR_COLL_WRITES,PNETCDF_VAR_NB_READS,PNETCDF_VAR_NB_WRITES,PNETCDF_VAR_BYTES_READ,PNETCDF_VAR_BYTES_WRITTEN,PNETCDF_VAR_RW_SWITCHES,PNETCDF_VAR_PUT_VAR,PNETCDF_VAR_PUT_VAR1,PNETCDF_VAR_PUT_VARA,PNETCDF_VAR_PUT_VARS,PNETCDF_VAR_PUT_VARM,PNETCDF_VAR_PUT_VARN,PNETCDF_VAR_PUT_VARD,PNETCDF_VAR_GET_VAR,PNETCDF_VAR_GET_VAR1,PNETCDF_VAR_GET_VARA,PNETCDF_VAR_GET_VARS,PNETCDF_VAR_GET_VARM,PNETCDF_VAR_GET_VARN,PNETCDF_VAR_GET_VARD,PNETCDF_VAR_IPUT_VAR,PNETCDF_VAR_IPUT_VAR1,PNETCDF_VAR_IPUT_VARA,PNETCDF_VAR_IPUT_VARS,PNETCDF_VAR_IPUT_VARM,PNETCDF_VAR_IPUT_VARN,PNETCDF_VAR_IGET_VAR,PNETCDF_VAR_IGET_VAR1,PNETCDF_VAR_IGET_VARA,PNETCDF_VAR_IGET_VARS,PNETCDF_VAR_IGET_VARM,PNETCDF_VAR_IGET_VARN,PNETCDF_VAR_BPUT_VAR,PNETCDF_VAR_BPUT_VAR1,PNETCDF_VAR_BPUT_VARA,PNETCDF_VAR_BPUT_VARS,PNETCDF_VAR_BPUT_VARM,PNETCDF_VAR_BPUT_VARN,PNETCDF_VAR_MAX_READ_TIME_SIZE,PNETCDF_VAR_MAX_WRITE_TIME_SIZE,PNETCDF_VAR_SIZE_READ_AGG_0_100,PNETCDF_VAR_SIZE_READ_AGG_100_1K,PNETCDF_VAR_SIZE_READ_AGG_1K_10K,PNETCDF_VAR_SIZE_READ_AGG_10K_100K,PNETCDF_VAR_SIZE_READ_AGG_100K_1M,PNETCDF_VAR_SIZE_READ_AGG_1M_4M,PNETCDF_VAR_SIZE_READ_AGG_4M_10M,PNETCDF_VAR_SIZE_READ_AGG_10M_100M,PNETCDF_VAR_SIZE_READ_AGG_100M_1G,PNETCDF_VAR_SIZE_READ_AGG_1G_PLUS,PNETCDF_VAR_SIZE_WRITE_AGG_0_100,PNETCDF_VAR_SIZE_WRITE_AGG_100_1K,PNETCDF_VAR_SIZE_WRITE_AGG_1K_10K,PNETCDF_VAR_SIZE_WRITE_AGG_10K_100K,PNETCDF_VAR_SIZE_WRITE_AGG_100K_1M,PNETCDF_VAR_SIZE_WRITE_AGG_1M_4M,PNETCDF_VAR_SIZE_WRITE_AGG_4M_10M,PNETCDF_VAR_SIZE_WRITE_AGG_10M_100M,PNETCDF_VAR_SIZE_WRITE_AGG_100M_1G,PNETCDF_VAR_SIZE_WRITE_AGG_1G_PLUS,PNETCDF_VAR_ACCESS1_ACCESS,PNETCDF_VAR_ACCESS1_LENGTH_D1,PNETCDF_VAR_ACCESS1_LENGTH_D2,PNETCDF_VAR_ACCESS1_LENGTH_D3,PNETCDF_VAR_ACCESS1_LENGTH_D4,PNETCDF_VAR_ACCESS1_LENGTH_D5,PNETCDF_VAR_ACCESS1_STRIDE_D1,PNETCDF_VAR_ACCESS1_STRIDE_D2,PNETCDF_VAR_ACCESS1_STRIDE_D3,PNETCDF_VAR_ACCESS1_STRIDE_D4,PNETCDF_VAR_ACCESS1_STRIDE_D5,PNETCDF_VAR_ACCESS2_ACCESS,PNETCDF_VAR_ACCESS2_LENGTH_D1,PNETCDF_VAR_ACCESS2_LENGTH_D2,PNETCDF_VAR_ACCESS2_LENGTH_D3,PNETCDF_VAR_ACCESS2_LENGTH_D4,PNETCDF_VAR_ACCESS2_LENGTH_D5,PNETCDF_VAR_ACCESS2_STRIDE_D1,PNETCDF_VAR_ACCESS2_STRIDE_D2,PNETCDF_VAR_ACCESS2_STRIDE_D3,PNETCDF_VAR_ACCESS2_STRIDE_D4,PNETCDF_VAR_ACCESS2_STRIDE_D5,PNETCDF_VAR_ACCESS3_ACCESS,PNETCDF_VAR_ACCESS3_LENGTH_D1,PNETCDF_VAR_ACCESS3_LENGTH_D2,PNETCDF_VAR_ACCESS3_LENGTH_D3,PNETCDF_VAR_ACCESS3_LENGTH_D4,PNETCDF_VAR_ACCESS3_LENGTH_D5,PNETCDF_VAR_ACCESS3_STRIDE_D1,PNETCDF_VAR_ACCESS3_STRIDE_D2,PNETCDF_VAR_ACCESS3_STRIDE_D3,PNETCDF_VAR_ACCESS3_STRIDE_D4,PNETCDF_VAR_ACCESS3_STRIDE_D5,PNETCDF_VAR_ACCESS4_ACCESS,PNETCDF_VAR_ACCESS4_LENGTH_D1,PNETCDF_VAR_ACCESS4_LENGTH_D2,PNETCDF_VAR_ACCESS4_LENGTH_D3,PNETCDF_VAR_ACCESS4_LENGTH_D4,PNETCDF_VAR_ACCESS4_LENGTH_D5,PNETCDF_VAR_ACCESS4_STRIDE_D1,PNETCDF_VAR_ACCESS4_STRIDE_D2,PNETCDF_VAR_ACCESS4_STRIDE_D3,PNETCDF_VAR_ACCESS4_STRIDE_D4,PNETCDF_VAR_ACCESS4_STRIDE_D5,PNETCDF_VAR_ACCESS1_COUNT,PNETCDF_VAR_ACCESS2_COUNT,PNETCDF_VAR_ACCESS3_COUNT,PNETCDF_VAR_ACCESS4_COUNT,PNETCDF_VAR_NDIMS,PNETCDF_VAR_NPOINTS,PNETCDF_VAR_DATATYPE_SIZE,PNETCDF_VAR_IS_RECORD_VAR,PNETCDF_VAR_FASTEST_RANK,PNETCDF_VAR_FASTEST_RANK_BYTES,PNETCDF_VAR_SLOWEST_RANK,PNETCDF_VAR_SLOWEST_RANK_BYTES,PNETCDF_VAR_F_OPEN_START_TIMESTAMP,PNETCDF_VAR_F_READ_START_TIMESTAMP,PNETCDF_VAR_F_WRITE_START_TIMESTAMP,PNETCDF_VAR_F_CLOSE_START_TIMESTAMP,PNETCDF_VAR_F_OPEN_END_TIMESTAMP,PNETCDF_VAR_F_READ_END_TIMESTAMP,PNETCDF_VAR_F_WRITE_END_TIMESTAMP,PNETCDF_VAR_F_CLOSE_END_TIMESTAMP,PNETCDF_VAR_F_READ_TIME,PNETCDF_VAR_F_WRITE_TIME,PNETCDF_VAR_F_META_TIME,PNETCDF_VAR_F_MAX_READ_TIME,PNETCDF_VAR_F_MAX_WRITE_TIME,PNETCDF_VAR_F_FASTEST_RANK_TIME,PNETCDF_VAR_F_SLOWEST_RANK_TIME,PNETCDF_VAR_F_VARIANCE_RANK_TIME,PNETCDF_VAR_F_VARIANCE_RANK_BYTES,POSIX_OPENS,POSIX_FILENOS,POSIX_DUPS,POSIX_READS,POSIX_WRITES,POSIX_SEEKS,POSIX_STATS,POSIX_MMAPS,POSIX_FSYNCS,POSIX_FDSYNCS,POSIX_RENAME_SOURCES,POSIX_RENAME_TARGETS,POSIX_RENAMED_FROM,POSIX_MODE,POSIX_BYTES_READ,POSIX_BYTES_WRITTEN,POSIX_MAX_BYTE_READ,POSIX_MAX_BYTE_WRITTEN,POSIX_CONSEC_READS,POSIX_CONSEC_WRITES,POSIX_SEQ_READS,POSIX_SEQ_WRITES,POSIX_RW_SWITCHES,POSIX_MEM_NOT_ALIGNED,POSIX_MEM_ALIGNMENT,POSIX_FILE_NOT_ALIGNED,POSIX_FILE_ALIGNMENT,POSIX_MAX_READ_TIME_SIZE,POSIX_MAX_WRITE_TIME_SIZE,POSIX_SIZE_READ_0_100,POSIX_SIZE_READ_100_1K,POSIX_SIZE_READ_1K_10K,POSIX_SIZE_READ_10K_100K,POSIX_SIZE_READ_100K_1M,POSIX_SIZE_READ_1M_4M,POSIX_SIZE_READ_4M_10M,POSIX_SIZE_READ_10M_100M,POSIX_SIZE_READ_100M_1G,POSIX_SIZE_READ_1G_PLUS,POSIX_SIZE_WRITE_0_100,POSIX_SIZE_WRITE_100_1K,POSIX_SIZE_WRITE_1K_10K,POSIX_SIZE_WRITE_10K_100K,POSIX_SIZE_WRITE_100K_1M,POSIX_SIZE_WRITE_1M_4M,POSIX_SIZE_WRITE_4M_10M,POSIX_SIZE_WRITE_10M_100M,POSIX_SIZE_WRITE_100M_1G,POSIX_SIZE_WRITE_1G_PLUS,POSIX_STRIDE1_STRIDE,POSIX_STRIDE2_STRIDE,POSIX_STRIDE3_STRIDE,POSIX_STRIDE4_STRIDE,POSIX_STRIDE1_COUNT,POSIX_STRIDE2_COUNT,POSIX_STRIDE3_COUNT,POSIX_STRIDE4_COUNT,POSIX_ACCESS1_ACCESS,POSIX_ACCESS2_ACCESS,POSIX_ACCESS3_ACCESS,POSIX_ACCESS4_ACCESS,POSIX_ACCESS1_COUNT,POSIX_ACCESS2_COUNT,POSIX_ACCESS3_COUNT,POSIX_ACCESS4_COUNT,POSIX_FASTEST_RANK,POSIX_FASTEST_RANK_BYTES,POSIX_SLOWEST_RANK,POSIX_SLOWEST_RANK_BYTES,POSIX_F_OPEN_START_TIMESTAMP,POSIX_F_READ_START_TIMESTAMP,POSIX_F_WRITE_START_TIMESTAMP,POSIX_F_CLOSE_START_TIMESTAMP,POSIX_F_OPEN_END_TIMESTAMP,POSIX_F_READ_END_TIMESTAMP,POSIX_F_WRITE_END_TIMESTAMP,POSIX_F_CLOSE_END_TIMESTAMP,POSIX_F_READ_TIME,POSIX_F_WRITE_TIME,POSIX_F_META_TIME,POSIX_F_MAX_READ_TIME,POSIX_F_MAX_WRITE_TIME,POSIX_F_FASTEST_RANK_TIME,POSIX_F_SLOWEST_RANK_TIME,POSIX_F_VARIANCE_RANK_TIME,POSIX_F_VARIANCE_RANK_BYTES,STDIO_OPENS,STDIO_FDOPENS,STDIO_READS,STDIO_WRITES,STDIO_SEEKS,STDIO_FLUSHES,STDIO_BYTES_WRITTEN,STDIO_BYTES_READ,STDIO_MAX_BYTE_READ,STDIO_MAX_BYTE_WRITTEN,STDIO_FASTEST_RANK,STDIO_FASTEST_RANK_BYTES,STDIO_SLOWEST_RANK,STDIO_SLOWEST_RANK_BYTES,STDIO_F_META_TIME,STDIO_F_WRITE_TIME,STDIO_F_READ_TIME,STDIO_F_OPEN_START_TIMESTAMP,STDIO_F_CLOSE_START_TIMESTAMP,STDIO_F_WRITE_START_TIMESTAMP,STDIO_F_READ_START_TIMESTAMP,STDIO_F_OPEN_END_TIMESTAMP,STDIO_F_CLOSE_END_TIMESTAMP,STDIO_F_WRITE_END_TIMESTAMP,STDIO_F_READ_END_TIMESTAMP,STDIO_F_FASTEST_RANK_TIME,STDIO_F_SLOWEST_RANK_TIME,STDIO_F_VARIANCE_RANK_TIME,STDIO_F_VARIANCE_RANK_BYTES
13411409884731059583,-1,5e4a09c72949f70c2bab629d3baca2d8,1096764,1624301973,1624307924,96f9e3f6d71533c949f13fd24746db2c,nfs,/autofs/nccs-svm1_sw,,,,,,,,,,,,,,,,,,,,,,,,,,,,,,,,,,,,,,,,,,,,,,,,,,,,,,,,,,,,,,,,,,,,,,,,,,,,,,,,,,,,,,,,,,,,,,,,,,,,,,,,,,,,,,,,,,,,,,,,,,,,,,,,,,,,,,,,,,,,,,,,,,,,,,,,,,,,,,,,,,,,,,,,,,,,,,,,,,,,,,,,,,,,,,,,,,,,,,,,,,,,,,,,,,,,,,,,,,,,,,,,,,,,,,,,,,,,,,,,,,,,,,,,,,,,,,,,,,,,,,,,,,,,,,,,,,,,,,,,,,,,,,,,,,,,,,,,,,,,,,,,,,,,,,,,,,,,,,,,,,,,,,,,,,,,,,,,,,,,,,,,,,,,,,,,,,,,,,,0.0,0.0,0.0,0.0,0.0,0.0,168.0,-1.0,0.0,0.0,0.0,0.0,0.0,0.0,0.0,0.0,0.0,0.0,0.0,0.0,0.0,0.0,0.0,0.0,8.0,0.0,65536.0,0.0,0.0,0.0,0.0,0.0,0.0,0.0,0.0,0.0,0.0,0.0,0.0,0.0,0.0,0.0,0.0,0.0,0.0,0.0,0.0,0.0,0.0,0.0,0.0,0.0,0.0,0.0,0.0,0.0,0.0,0.0,0.0,0.0,0.0,0.0,0.0,0.0,0.0,84.0,0.0,161.0,0.0,0.0,0.0,0.0,0.0,0.0,0.0,0.0,0.0,0.0,0.0,0.0036331499999935346,0.0,0.0,1.256200000021579e-05,6.0330000000163864e-05,1.2361166136988366e-10,0.0,,,,,,,,,,,,,,,,,,,,,,,,,,,,,
16593465387211482248,-1,5e4a09c72949f70c2bab629d3baca2d8,1096764,1624301973,1624307924,7bf83b5d88001f994d047cb73c9cb22e,nfs,/autofs/nccs-svm1_sw,,,,,,,,,,,,,,,,,,,,,,,,,,,,,,,,,,,,,,,,,,,,,,,,,,,,,,,,,,,,,,,,,,,,,,,,,,,,,,,,,,,,,,,,,,,,,,,,,,,,,,,,,,,,,,,,,,,,,,,,,,,,,,,,,,,,,,,,,,,,,,,,,,,,,,,,,,,,,,,,,,,,,,,,,,,,,,,,,,,,,,,,,,,,,,,,,,,,,,,,,,,,,,,,,,,,,,,,,,,,,,,,,,,,,,,,,,,,,,,,,,,,,,,,,,,,,,,,,,,,,,,,,,,,,,,,,,,,,,,,,,,,,,,,,,,,,,,,,,,,,,,,,,,,,,,,,,,,,,,,,,,,,,,,,,,,,,,,,,,,,,,,,,,,,,,,,,,,,,,0.0,0.0,0.0,0.0,0.0,0.0,168.0,-1.0,0.0,0.0,0.0,0.0,0.0,0.0,0.0,0.0,0.0,0.0,0.0,0.0,0.0,0.0,0.0,0.0,8.0,0.0,65536.0,0.0,0.0,0.0,0.0,0.0,0.0,0.0,0.0,0.0,0.0,0.0,0.0,0.0,0.0,0.0,0.0,0.0,0.0,0.0,0.0,0.0,0.0,0.0,0.0,0.0,0.0,0.0,0.0,0.0,0.0,0.0,0.0,0.0,0.0,0.0,0.0,0.0,0.0,106.0,0.0,40.0,0.0,0.0,0.0,0.0,0.0,0.0,0.0,0.0,0.0,0.0,0.0,0.00207803399999662,0.0,0.0,9.976000001188368e-06,1.5203000000241218e-05,8.228433421191054e-13,0.0,,,,,,,,,,,,,,,,,,,,,,,,,,,,,
173702677772885308,0,5e4a09c72949f70c2bab629d3baca2d8,1096764,1624301973,1624307924,0d76b547809cfd7565c3172a915ea850,gpfs,/gpfs/alpine,,,,,,,,,,,,,,,,,,,,,,,,,,,,,,,,,,,,,,,,,,,,,,,,,,,,,,,,,,,,,,,,,,,,,,,,,,,,,,,,,,,,,,,,,,,,,,,,,,,,,,,,,,,,,,,,,,,,,,,,,,,,,,,,,,,,,,,,,,,,,,,,,,,,,,,,,,,,,,,,,,,,,,,,,,,,,,,,,,,,,,,,,,,,,,,,,,,,,,,,,,,,,,,,,,,,,,,,,,,,,,,,,,,,,,,,,,,,,,,,,,,,,,,,,,,,,,,,,,,,,,,,,,,,,,,,,,,,,,,,,,,,,,,,,,,,,,,,,,,,,,,,,,,,,,,,,,,,,,,,,,,,,,,,,,,,,,,,,,,,,,,,,,,,,,,,,,,,,,,,,,,,,,,,,,,,,,,,,,,,,,,,,,,,,,,,,,,,,,,,,,,,,,,,,,,,,,,,,,,,,,,,,,,,,,,,,,,,,,,,,,,,,1.0,0.0,0.0,177.0,0.0,1.0,24323870.0,0.0,0.0,24323869.0,0.0,0.0,0.0,0.0,0.001147353000305884,0.005327723994923872,0.0,4756.64662574,4756.667978699,4756.647680437,0.0,4756.647610247,4756.668141545,4756.667977912,0.0,0.0,0.0,0.0,0.0
428924927219142358,0,5e4a09c72949f70c2bab629d3baca2d8,1096764,1624301973,1624307924,f0a06d0c4ce290b45e85ac8ee3b96a86,gpfs,/gpfs/alpine,,,,,,,,,,,,,,,,,,,,,,,,,,,,,,,,,,,,,,,,,,,,,,,,,,,,,,,,,,,,,,,,,,,,,,,,,,,,,,,,,,,,,,,,,,,,,,,,,,,,,,,,,,,,,,,,,,,,,,,,,,,,,,,,,,,,,,,,,,,,,,,,,,,,,,,,,,,,,,,,,,,,,,,,,,,,,,,,,,,,,,,,,,,,,,,,,,,,,,,,,,,,,,,,,,,,,,,,,,,,,,,,,,,,,,,,,,,,,,,,,,,,,,,,,,,,,,,,,,,,,,,,,,,,,,,,,,,,,,,,,,,,,,,,,,,,,,,,,,,,,,,,,,,,,,,,,,,,,,,,,,,,,,,,,,,,,,,,,,,,,,,,,,,,,,,,,,,,,,,,,,,,,,,,,,,,,,,,,,,,,,,,,,,,,,,,,,,,,,,,,,,,,,,,,,,,,,,,,,,,,,,,,,,,,,,,,,,,,,,,,,,,,1.0,0.0,0.0,177.0,0.0,1.0,24321570.0,0.0,0.0,24321569.0,0.0,0.0,0.0,0.0,0.0010686890002489235,0.00534842700039917,0.0,1983.950349628,1983.97155089,1983.95133154,0.0,1983.951258216,1983.971710991,1983.971550296,0.0,0.0,0.0,0.0,0.0
568315081298531622,0,5e4a09c72949f70c2bab629d3baca2d8,1096764,1624301973,1624307924,08cbca9a23daf42e3f7c55ec71c45683,gpfs,/gpfs/alpine,,,,,,,,,,,,,,,,,,,,,,,,,,,,,,,,,,,,,,,,,,,,,,,,,,,,,,,,,,,,,,,,,,,,,,,,,,,,,,,,,,,,,,,,,,,,,,,,,,,,,,,,,,,,,,,,,,,,,,,,,,,,,,,,,,,,,,,,,,,,,,,,,,,,,,,,,,,,,,,,,,,,,,,,,,,,,,,,,,,,,,,,,,,,,,,,,,,,,,,,,,,,,,,,,,,,,,,,,,,,,,,,,,,,,,,,,,,,,,,,,,,,,,,,,,,,,,,,,,,,,,,,,,,,,,,,,,,,,,,,,,,,,,,,,,,,,,,,,,,,,,,,,,,,,,,,,,,,,,,,,,,,,,,,,,,,,,,,,,,,,,,,,,,,,,,,,,,,,,,,,,,,,,,,,,,,,,,,,,,,,,,,,,,,,,,,,,,,,,,,,,,,,,,,,,,,,,,,,,,,,,,,,,,,,,,,,,,,,,,,,,,,,1.0,0.0,0.0,177.0,0.0,1.0,24322352.0,0.0,0.0,24322351.0,0.0,0.0,0.0,0.0,0.0011589259993343148,0.0054306999991240446,0.0,5154.685398141,5154.706960137,5154.686470098,0.0,5154.686398025,5154.707119179,5154.706959465,0.0,0.0,0.0,0.0,0.0
866644319435678297,0,5e4a09c72949f70c2bab629d3baca2d8,1096764,1624301973,1624307924,25248aef3fbabeca11b58ac6407c570a,gpfs,/gpfs/alpine,,,,,,,,,,,,,,,,,,,,,,,,,,,,,,,,,,,,,,,,,,,,,,,,,,,,,,,,,,,,,,,,,,,,,,,,,,,,,,,,,,,,,,,,,,,,,,,,,,,,,,,,,,,,,,,,,,,,,,,,,,,,,,,,,,,,,,,,,,,,,,,,,,,,,,,,,,,,,,,,,,,,,,,,,,,,,,,,,,,,,,,,,,,,,,,,,,,,,,,,,,,,,,,,,,,,,,,,,,,,,,,,,,,,,,,,,,,,,,,,,,,,,,,,,,,,,,,,,,,,,,,,,,,,,,,,,,,,,,,,,,,,,,,,,,,,,,,,,,,,,,,,,,,,,,,,,,,,,,,,,,,,,,,,,,,,,,,,,,,,,,,,,,,,,,,,,,,,,,,,,,,,,,,,,,,,,,,,,,,,,,,,,,,,,,,,,,,,,,,,,,,,,,,,,,,,,,,,,,,,,,,,,,,,,,,,,,,,,,,,,,,,,1.0,0.0,0.0,177.0,0.0,1.0,24321315.0,0.0,0.0,24321314.0,0.0,0.0,0.0,0.0,0.0005013359999992417,0.007459562999992286,0.0,10.827842601,10.860679816,10.828197567,0.0,10.828134184,10.860889569,10.86067914,0.0,0.0,0.0,0.0,0.0
4083889721861114196,0,5e4a09c72949f70c2bab629d3baca2d8,1096764,1624301973,1624307924,e696a6a19e3ef84f7c5456fc8b5abeaa,gpfs,/gpfs/alpine,,,,,,,,,,,,,,,,,,,,,,,,,,,,,,,,,,,,,,,,,,,,,,,,,,,,,,,,,,,,,,,,,,,,,,,,,,,,,,,,,,,,,,,,,,,,,,,,,,,,,,,,,,,,,,,,,,,,,,,,,,,,,,,,,,,,,,,,,,,,,,,,,,,,,,,,,,,,,,,,,,,,,,,,,,,,,,,,,,,,,,,,,,,,,,,,,,,,,,,,,,,,,,,,,,,,,,,,,,,,,,,,,,,,,,,,,,,,,,,,,,,,,,,,,,,,,,,,,,,,,,,,,,,,,,,,,,,,,,,,,,,,,,,,,,,,,,,,,,,,,,,,,,,,,,,,,,,,,,,,,,,,,,,,,,,,,,,,,,,,,,,,,,,,,,,,,,,,,,,,,,,,,,,,,,,,,,,,,,,,,,,,,,,,,,,,,,,,,,,,,,,,,,,,,,,,,,,,,,,,,,,,,,,,,,,,,,,,,,,,,,,,,1.0,0.0,0.0,177.0,0.0,1.0,24322325.0,0.0,0.0,24322324.0,0.0,0.0,0.0,0.0,0.0011678829996526474,0.00524797000525723,0.0,4358.061330569,4358.082599742,4358.062349307,0.0,4358.062276226,4358.082821968,4358.082599128,0.0,0.0,0.0,0.0,0.0
4092414450189818281,0,5e4a09c72949f70c2bab629d3baca2d8,1096764,1624301973,1624307924,b75a40c1e7bfd10f11d009487c1768d3,gpfs,/gpfs/alpine,,,,,,,,,,,,,,,,,,,,,,,,,,,,,,,,,,,,,,,,,,,,,,,,,,,,,,,,,,,,,,,,,,,,,,,,,,,,,,,,,,,,,,,,,,,,,,,,,,,,,,,,,,,,,,,,,,,,,,,,,,,,,,,,,,,,,,,,,,,,,,,,,,,,,,,,,,,,,,,,,,,,,,,,,,,,,,,,,,,,,,,,,,,,,,,,,,,,,,,,,,,,,,,,,,,,,,,,,,,,,,,,,,,,,,,,,,,,,,,,,,,,,,,,,,,,,,,,,,,,,,,,,,,,,,,,,,,,,,,,,,,,,,,,,,,,,,,,,,,,,,,,,,,,,,,,,,,,,,,,,,,,,,,,,,,,,,,,,,,,,,,,,,,,,,,,,,,,,,,,,,,,,,,,,,,,,,,,,,,,,,,,,,,,,,,,,,,,,,,,,,,,,,,,,,,,,,,,,,,,,,,,,,,,,,,,,,,,,,,,,,,,,1.0,0.0,0.0,177.0,0.0,1.0,24320758.0,0.0,0.0,24320757.0,0.0,0.0,0.0,0.0,0.0011093960001744563,0.005334207000487368,0.0,3567.349282761,3567.370593137,3567.350312631,0.0,3567.350240354,3567.37074494,3567.370592504,0.0,0.0,0.0,0.0,0.0
4441495245338438062,0,5e4a09c72949f70c2bab629d3baca2d8,1096764,1624301973,1624307924,4aff8935311f30043a2e65d144af2ec3,gpfs,/gpfs/alpine,,,,,,,,,,,,,,,,,,,,,,,,,,,,,,,,,,,,,,,,,,,,,,,,,,,,,,,,,,,,,,,,,,,,,,,,,,,,,,,,,,,,,,,,,,,,,,,,,,,,,,,,,,,,,,,,,,,,,,,,,,,,,,,,,,,,,,,,,,,,,,,,,,,,,,,,,,,,,,,,,,,,,,,,,,,,,,,,,,,,,,,,,,,,,,,,,,,,,,,,,,,,,,,,,,,,,,,,,,,,,,,,,,,,,,,,,,,,,,,,,,,,,,,,,,,,,,,,,,,,,,,,,,,,,,,,,,,,,,,,,,,,,,,,,,,,,,,,,,,,,,,,,,,,,,,,,,,,,,,,,,,,,,,,,,,,,,,,,,,,,,,,,,,,,,,,,,,,,,,,,,,,,,,,,,,,,,,,,,,,,,,,,,,,,,,,,,,,,,,,,,,,,,,,,,,,,,,,,,,,,,,,,,,,,,,,,,,,,,,,,,,,,1.0,0.0,0.0,177.0,0.0,1.0,24320297.0,0.0,0.0,24320296.0,0.0,0.0,0.0,0.0,0.0011422229999880074,0.005305518001023302,0.0,2775.064210737,2775.08617846,2775.065269714,0.0,2775.06519631,2775.08633511,2775.0861778,0.0,0.0,0.0,0.0,0.0
5090208226117504977,0,5e4a09c72949f70c2bab629d3baca2d8,1096764,1624301973,1624307924,ccaf0e46bb607c0f4bc097404d2dfaeb,gpfs,/gpfs/alpine,,,,,,,,,,,,,,,,,,,,,,,,,,,,,,,,,,,,,,,,,,,,,,,,,,,,,,,,,,,,,,,,,,,,,,,,,,,,,,,,,,,,,,,,,,,,,,,,,,,,,,,,,,,,,,,,,,,,,,,,,,,,,,,,,,,,,,,,,,,,,,,,,,,,,,,,,,,,,,,,,,,,,,,,,,,,,,,,,,,,,,,,,,,,,,,,,,,,,,,,,,,,,,,,,,,,,,,,,,,,,,,,,,,,,,,,,,,,,,,,,,,,,,,,,,,,,,,,,,,,,,,,,,,,,,,,,,,,,,,,,,,,,,,,,,,,,,,,,,,,,,,,,,,,,,,,,,,,,,,,,,,,,,,,,,,,,,,,,,,,,,,,,,,,,,,,,,,,,,,,,,,,,,,,,,,,,,,,,,,,,,,,,,,,,,,,,,,,,,,,,,,,,,,,,,,,,,,,,,,,,,,,,,,,,,,,,,,,,,,,,,,,,1.0,0.0,0.0,2.0,0.0,2.0,1777.0,0.0,0.0,1776.0,0.0,0.0,0.0,0.0,0.00011374000011051249,0.00013012000000000093,0.0,0.004910207,5951.287250483,0.004992193,0.0,0.00498401,5951.28729042,0.00513552,0.0,0.0,0.0,0.0,0.0
5950175241406177385,0,5e4a09c72949f70c2bab629d3baca2d8,1096764,1624301973,1624307924,6809591d168243b716c790e86b07171f,gpfs,/gpfs/alpine,,,,,,,,,,,,,,,,,,,,,,,,,,,,,,,,,,,,,,,,,,,,,,,,,,,,,,,,,,,,,,,,,,,,,,,,,,,,,,,,,,,,,,,,,,,,,,,,,,,,,,,,,,,,,,,,,,,,,,,,,,,,,,,,,,,,,,,,,,,,,,,,,,,,,,,,,,,,,,,,,,,,,,,,,,,,,,,,,,,,,,,,,,,,,,,,,,,,,,,,,,,,,,,,,,,,,,,,,,,,,,,,,,,,,,,,,,,,,,,,,,,,,,,,,,,,,,,,,,,,,,,,,,,,,,,,,,,,,,,,,,,,,,,,,,,,,,,,,,,,,,,,,,,,,,,,,,,,,,,,,,,,,,,,,,,,,,,,,,,,,,,,,,,,,,,,,,,,,,,,,,,,,,,,,,,,,,,,,,,,,,,,,,,,,,,,,,,,,,,,,,,,,,,,,,,,,,,,,,,,,,,,,,,,,,,,,,,,,,,,,,,,,1.0,0.0,0.0,54.0,0.0,0.0,1619.0,0.0,0.0,1618.0,0.0,0.0,0.0,0.0,0.0004447159999997484,3.6390999992436807e-05,0.0,0.003663977,9.567248191000001,0.004013827,0.0,0.003924234,9.56743265,9.567246773,0.0,0.0,0.0,0.0,0.0
9340823123855850899,0,5e4a09c72949f70c2bab629d3baca2d8,1096764,1624301973,1624307924,23b0c03a0788fcb4dc5c0468dfce42bd,gpfs,/gpfs/alpine,,,,,,,,,,,,,,,,,,,,,,,,,,,,,,,,,,,,,,,,,,,,,,,,,,,,,,,,,,,,,,,,,,,,,,,,,,,,,,,,,,,,,,,,,,,,,,,,,,,,,,,,,,,,,,,,,,,,,,,,,,,,,,,,,,,,,,,,,,,,,,,,,,,,,,,,,,,,,,,,,,,,,,,,,,,,,,,,,,,,,,,,,,,,,,,,,,,,,,,,,,,,,,,,,,,,,,,,,,,,,,,,,,,,,,,,,,,,,,,,,,,,,,,,,,,,,,,,,,,,,,,,,,,,,,,,,,,,,,,,,,,,,,,,,,,,,,,,,,,,,,,,,,,,,,,,,,,,,,,,,,,,,,,,,,,,,,,,,,,,,,,,,,,,,,,,,,,,,,,,,,,,,,,,,,,,,,,,,,,,,,,,,,,,,,,,,,,,,,,,,,,,,,,,,,,,,,,,,,,,,,,,,,,,,,,,,,,,,,,,,,,,,1.0,0.0,0.0,664.0,0.0,0.0,73602254.0,0.0,0.0,73602253.0,0.0,0.0,0.0,0.0,0.0036959040007786825,0.009403087995451642,0.0,5946.780945988,5946.811120025,5946.784420764,0.0,5946.784409097,5946.81135282,5946.811118633,0.0,0.0,0.0,0.0,0.0
9419441316211613558,0,5e4a09c72949f70c2bab629d3baca2d8,1096764,1624301973,1624307924,d97c9638ef17c7547e94f36b40ec8820,gpfs,/gpfs/alpine,,,,,,,,,,,,,,,,,,,,,,,,,,,,,,,,,,,,,,,,,,,,,,,,,,,,,,,,,,,,,,,,,,,,,,,,,,,,,,,,,,,,,,,,,,,,,,,,,,,,,,,,,,,,,,,,,,,,,,,,,,,,,,,,,,,,,,,,,,,,,,,,,,,,,,,,,,,,,,,,,,,,,,,,,,,,,,,,,,,,,,,,,,,,,,,,,,,,,,,,,,,,,,,,,,,,,,,,,,,,,,,,,,,,,,,,,,,,,,,,,,,,,,,,,,,,,,,,,,,,,,,,,,,,,,,,,,,,,,,,,,,,,,,,,,,,,,,,,,,,,,,,,,,,,,,,,,,,,,,,,,,,,,,,,,,,,,,,,,,,,,,,,,,,,,,,,,,,,,,,,,,,,,,,,,,,,,,,,,,,,,,,,,,,,,,,,,,,,,,,,,,,,,,,,,,,,,,,,,,,,,,,,,,,,,,,,,,,,,,,,,,,,1.0,0.0,0.0,177.0,0.0,1.0,24319723.0,0.0,0.0,24319722.0,0.0,0.0,0.0,0.0,0.0010757770000964229,0.005355064000696075,0.0,1194.520017931,1194.541392551,1194.520981867,0.0,1194.520911939,1194.54157432,1194.541391887,0.0,0.0,0.0,0.0,0.0
9612092844104573349,0,5e4a09c72949f70c2bab629d3baca2d8,1096764,1624301973,1624307924,b7daecc6a8254eca62a835120b3b9c04,gpfs,/gpfs/alpine,,,,,,,,,,,,,,,,,,,,,,,,,,,,,,,,,,,,,,,,,,,,,,,,,,,,,,,,,,,,,,,,,,,,,,,,,,,,,,,,,,,,,,,,,,,,,,,,,,,,,,,,,,,,,,,,,,,,,,,,,,,,,,,,,,,,,,,,,,,,,,,,,,,,,,,,,,,,,,,,,,,,,,,,,,,,,,,,,,,,,,,,,,,,,,,,,,,,,,,,,,,,,,,,,,,,,,,,,,,,,,,,,,,,,,,,,,,,,,,,,,,,,,,,,,,,,,,,,,,,,,,,,,,,,,,,,,,,,,,,,,,,,,,,,,,,,,,,,,,,,,,,,,,,,,,,,,,,,,,,,,,,,,,,,,,,,,,,,,,,,,,,,,,,,,,,,,,,,,,,,,,,,,,,,,,,,,,,,,,,,,,,,,,,,,,,,,,,,,,,,,,,,,,,,,,,,,,,,,,,,,,,,,,,,,,,,,,,,,,,,,,,,1.0,0.0,45.0,0.0,0.0,0.0,0.0,1122.0,1121.0,0.0,0.0,0.0,0.0,0.0,3.495599995986028e-05,0.0,6.986099851502559e-05,0.003971161,5951.287507797,0.0,9.406205883,0.003987967,5951.287525947,0.0,5949.516982738,0.0,0.0,0.0,0.0
9696436127937533552,0,5e4a09c72949f70c2bab629d3baca2d8,1096764,1624301973,1624307924,cfbdc66951b72ad8e959f4266e387eb9,gpfs,/gpfs/alpine,,,,,,,,,,,,,,,,,,,,,,,,,,,,,,,,,,,,,,,,,,,,,,,,,,,,,,,,,,,,,,,,,,,,,,,,,,,,,,,,,,,,,,,,,,,,,,,,,,,,,,,,,,,,,,,,,,,,,,,,,,,,,,,,,,,,,,,,,,,,,,,,,,,,,,,,,,,,,,,,,,,,,,,,,,,,,,,,,,,,,,,,,,,,,,,,,,,,,,,,,,,,,,,,,,,,,,,,,,,,,,,,,,,,,,,,,,,,,,,,,,,,,,,,,,,,,,,,,,,,,,,,,,,,,,,,,,,,,,,,,,,,,,,,,,,,,,,,,,,,,,,,,,,,,,,,,,,,,,,,,,,,,,,,,,,,,,,,,,,,,,,,,,,,,,,,,,,,,,,,,,,,,,,,,,,,,,,,,,,,,,,,,,,,,,,,,,,,,,,,,,,,,,,,,,,,,,,,,,,,,,,,,,,,,,,,,,,,,,,,,,,,,1.0,0.0,0.0,177.0,0.0,1.0,24321151.0,0.0,0.0,24321150.0,0.0,0.0,0.0,0.0,0.0011034019998987787,0.005352746999506053,0.0,2379.420597411,2379.441807156,2379.42157478,0.0,2379.421501261,2379.442006708,2379.441806482,0.0,0.0,0.0,0.0,0.0
11143981373107293399,0,5e4a09c72949f70c2bab629d3baca2d8,1096764,1624301973,1624307924,bb1069b01083cc70bdeb60308e0830bd,gpfs,/gpfs/alpine,,,,,,,,,,,,,,,,,,,,,,,,,,,,,,,,,,,,,,,,,,,,,,,,,,,,,,,,,,,,,,,,,,,,,,,,,,,,,,,,,,,,,,,,,,,,,,,,,,,,,,,,,,,,,,,,,,,,,,,,,,,,,,,,,,,,,,,,,,,,,,,,,,,,,,,,,,,,,,,,,,,,,,,,,,,,,,,,,,,,,,,,,,,,,,,,,,,,,,,,,,,,,,,,,,,,,,,,,,,,,,,,,,,,,,,,,,,,,,,,,,,,,,,,,,,,,,,,,,,,,,,,,,,,,,,,,,,,,,,,,,,,,,,,,,,,,,,,,,,,,,,,,,,,,,,,,,,,,,,,,,,,,,,,,,,,,,,,,,,,,,,,,,,,,,,,,,,,,,,,,,,,,,,,,,,,,,,,,,,,,,,,,,,,,,,,,,,,,,,,,,,,,,,,,,,,,,,,,,,,,,,,,,,,,,,,,,,,,,,,,,,,,1.0,0.0,0.0,177.0,0.0,1.0,24321200.0,0.0,0.0,24321199.0,0.0,0.0,0.0,0.0,0.001086639000050127,0.0053295439989824445,0.0,799.331334603,799.352663076,799.332332006,0.0,799.332258729,799.352825589,799.352662367,0.0,0.0,0.0,0.0,0.0
11852872764187970827,0,5e4a09c72949f70c2bab629d3baca2d8,1096764,1624301973,1624307924,59113195e3caefd981e5ca5b360dc9f2,gpfs,/gpfs/alpine,,,,,,,,,,,,,,,,,,,,,,,,,,,,,,,,,,,,,,,,,,,,,,,,,,,,,,,,,,,,,,,,,,,,,,,,,,,,,,,,,,,,,,,,,,,,,,,,,,,,,,,,,,,,,,,,,,,,,,,,,,,,,,,,,,,,,,,,,,,,,,,,,,,,,,,,,,,,,,,,,,,,,,,,,,,,,,,,,,,,,,,,,,,,,,,,,,,,,,,,,,,,,,,,,,,,,,,,,,,,,,,,,,,,,,,,,,,,,,,,,,,,,,,,,,,,,,,,,,,,,,,,,,,,,,,,,,,,,,,,,,,,,,,,,,,,,,,,,,,,,,,,,,,,,,,,,,,,,,,,,,,,,,,,,,,,,,,,,,,,,,,,,,,,,,,,,,,,,,,,,,,,,,,,,,,,,,,,,,,,,,,,,,,,,,,,,,,,,,,,,,,,,,,,,,,,,,,,,,,,,,,,,,,,,,,,,,,,,,,,,,,,,1.0,0.0,0.0,177.0,0.0,1.0,24319842.0,0.0,0.0,24319841.0,0.0,0.0,0.0,0.0,0.0012404610001794936,0.005455815999084734,0.0,3170.746974877,3170.769231983,3170.748076105,0.0,3170.748001801,3170.76944552,3170.769231217,0.0,0.0,0.0,0.0,0.0
13298762781822550321,0,5e4a09c72949f70c2bab629d3baca2d8,1096764,1624301973,1624307924,d3cc81bbf710f33af7a2f023e5b58ae7,gpfs,/gpfs/alpine,,,,,,,,,,,,,,,,,,,,,,,,,,,,,,,,,,,,,,,,,,,,,,,,,,,,,,,,,,,,,,,,,,,,,,,,,,,,,,,,,,,,,,,,,,,,,,,,,,,,,,,,,,,,,,,,,,,,,,,,,,,,,,,,,,,,,,,,,,,,,,,,,,,,,,,,,,,,,,,,,,,,,,,,,,,,,,,,,,,,,,,,,,,,,,,,,,,,,,,,,,,,,,,,,,,,,,,,,,,,,,,,,,,,,,,,,,,,,,,,,,,,,,,,,,,,,,,,,,,,,,,,,,,,,,,,,,,,,,,,,,,,,,,,,,,,,,,,,,,,,,,,,,,,,,,,,,,,,,,,,,,,,,,,,,,,,,,,,,,,,,,,,,,,,,,,,,,,,,,,,,,,,,,,,,,,,,,,,,,,,,,,,,,,,,,,,,,,,,,,,,,,,,,,,,,,,,,,,,,,,,,,,,,,,,,,,,,,,,,,,,,,,1.0,0.0,0.0,177.0,0.0,1.0,24322583.0,0.0,0.0,24322582.0,0.0,0.0,0.0,0.0,0.0017187790008392767,0.005476700005601742,0.0,5946.685730458,5946.707762165,5946.687344794,0.0,5946.687271285,5946.707940117,5946.707761632,0.0,0.0,0.0,0.0,0.0
13321892988268721335,0,5e4a09c72949f70c2bab629d3baca2d8,1096764,1624301973,1624307924,c13a0ad6e204f15716e1830a4c453110,gpfs,/gpfs/alpine,,,,,,,,,,,,,,,,,,,,,,,,,,,,,,,,,,,,,,,,,,,,,,,,,,,,,,,,,,,,,,,,,,,,,,,,,,,,,,,,,,,,,,,,,,,,,,,,,,,,,,,,,,,,,,,,,,,,,,,,,,,,,,,,,,,,,,,,,,,,,,,,,,,,,,,,,,,,,,,,,,,,,,,,,,,,,,,,,,,,,,,,,,,,,,,,,,,,,,,,,,,,,,,,,,,,,,,,,,,,,,,,,,,,,,,,,,,,,,,,,,,,,,,,,,,,,,,,,,,,,,,,,,,,,,,,,,,,,,,,,,,,,,,,,,,,,,,,,,,,,,,,,,,,,,,,,,,,,,,,,,,,,,,,,,,,,,,,,,,,,,,,,,,,,,,,,,,,,,,,,,,,,,,,,,,,,,,,,,,,,,,,,,,,,,,,,,,,,,,,,,,,,,,,,,,,,,,,,,,,,,,,,,,,,,,,,,,,,,,,,,,,,1.0,0.0,0.0,177.0,0.0,1.0,24323013.0,0.0,0.0,24323012.0,0.0,0.0,0.0,0.0,0.0011175609997735592,0.005322031999185128,0.0,3962.373957661,3962.395203739,3962.375002498,0.0,3962.374925153,3962.395353808,3962.395203155,0.0,0.0,0.0,0.0,0.0
13360499052784397006,0,5e4a09c72949f70c2bab629d3baca2d8,1096764,1624301973,1624307924,3a21e935540afa7725b75e45ac1f3fed,gpfs,/gpfs/alpine,,,,,,,,,,,,,,,,,,,,,,,,,,,,,,,,,,,,,,,,,,,,,,,,,,,,,,,,,,,,,,,,,,,,,,,,,,,,,,,,,,,,,,,,,,,,,,,,,,,,,,,,,,,,,,,,,,,,,,,,,,,,,,,,,,,,,,,,,,,,,,,,,,,,,,,,,,,,,,,,,,,,,,,,,,,,,,,,,,,,,,,,,,,,,,,,,,,,,,,,,,,,,,,,,,,,,,,,,,,,,,,,,,,,,,,,,,,,,,,,,,,,,,,,,,,,,,,,,,,,,,,,,,,,,,,,,,,,,,,,,,,,,,,,,,,,,,,,,,,,,,,,,,,,,,,,,,,,,,,,,,,,,,,,,,,,,,,,,,,,,,,,,,,,,,,,,,,,,,,,,,,,,,,,,,,,,,,,,,,,,,,,,,,,,,,,,,,,,,,,,,,,,,,,,,,,,,,,,,,,,,,,,,,,,,,,,,,,,,,,,,,,,1.0,0.0,0.0,1600018.0,0.0,0.0,96360753.0,0.0,0.0,96360752.0,0.0,0.0,0.0,0.0,0.0010070689995700377,2.185415039367399,0.0,5946.880794114,5949.516309208,5946.881140992,0.0,5946.881131139,5949.516979252,5949.516306872,0.0,0.0,0.0,0.0,0.0
14741113692311120017,0,5e4a09c72949f70c2bab629d3baca2d8,1096764,1624301973,1624307924,99b9a973f0ab95d275fe722fdb7e94df,gpfs,/gpfs/alpine,,,,,,,,,,,,,,,,,,,,,,,,,,,,,,,,,,,,,,,,,,,,,,,,,,,,,,,,,,,,,,,,,,,,,,,,,,,,,,,,,,,,,,,,,,,,,,,,,,,,,,,,,,,,,,,,,,,,,,,,,,,,,,,,,,,,,,,,,,,,,,,,,,,,,,,,,,,,,,,,,,,,,,,,,,,,,,,,,,,,,,,,,,,,,,,,,,,,,,,,,,,,,,,,,,,,,,,,,,,,,,,,,,,,,,,,,,,,,,,,,,,,,,,,,,,,,,,,,,,,,,,,,,,,,,,,,,,,,,,,,,,,,,,,,,,,,,,,,,,,,,,,,,,,,,,,,,,,,,,,,,,,,,,,,,,,,,,,,,,,,,,,,,,,,,,,,,,,,,,,,,,,,,,,,,,,,,,,,,,,,,,,,,,,,,,,,,,,,,,,,,,,,,,,,,,,,,,,,,,,,,,,,,,,,,,,,,,,,,,,,,,,,1.0,0.0,0.0,177.0,0.0,1.0,24319943.0,0.0,0.0,24319942.0,0.0,0.0,0.0,0.0,0.002079902000104994,0.005351621000727391,0.0,1589.618436083,1589.641236734,1589.62041002,0.0,1589.620337967,1589.641414752,1589.641236082,0.0,0.0,0.0,0.0,0.0
15105002337039809160,0,5e4a09c72949f70c2bab629d3baca2d8,1096764,1624301973,1624307924,f398ef6f02bb34e224861e568caba64b,gpfs,/gpfs/alpine,,,,,,,,,,,,,,,,,,,,,,,,,,,,,,,,,,,,,,,,,,,,,,,,,,,,,,,,,,,,,,,,,,,,,,,,,,,,,,,,,,,,,,,,,,,,,,,,,,,,,,,,,,,,,,,,,,,,,,,,,,,,,,,,,,,,,,,,,,,,,,,,,,,,,,,,,,,,,,,,,,,,,,,,,,,,,,,,,,,,,,,,,,,,,,,,,,,,,,,,,,,,,,,,,,,,,,,,,,,,,,,,,,,,,,,,,,,,,,,,,,,,,,,,,,,,,,,,,,,,,,,,,,,,,,,,,,,,,,,,,,,,,,,,,,,,,,,,,,,,,,,,,,,,,,,,,,,,,,,,,,,,,,,,,,,,,,,,,,,,,,,,,,,,,,,,,,,,,,,,,,,,,,,,,,,,,,,,,,,,,,,,,,,,,,,,,,,,,,,,,,,,,,,,,,,,,,,,,,,,,,,,,,,,,,,,,,,,,,,,,,,,,1.0,0.0,0.0,218.0,0.0,152.0,14926.0,0.0,0.0,14925.0,0.0,0.0,0.0,0.0,0.002993749000022916,0.016459484006094982,0.0,9.567434681,5951.287310255,9.570250689,0.0,9.570231662,5951.287507023,5951.28730987,0.0,0.0,0.0,0.0,0.0
17039151095698123993,0,5e4a09c72949f70c2bab629d3baca2d8,1096764,1624301973,1624307924,0738fadeba8f35dec09386dbfd02dbee,gpfs,/gpfs/alpine,,,,,,,,,,,,,,,,,,,,,,,,,,,,,,,,,,,,,,,,,,,,,,,,,,,,,,,,,,,,,,,,,,,,,,,,,,,,,,,,,,,,,,,,,,,,,,,,,,,,,,,,,,,,,,,,,,,,,,,,,,,,,,,,,,,,,,,,,,,,,,,,,,,,,,,,,,,,,,,,,,,,,,,,,,,,,,,,,,,,,,,,,,,,,,,,,,,,,,,,,,,,,,,,,,,,,,,,,,,,,,,,,,,,,,,,,,,,,,,,,,,,,,,,,,,,,,,,,,,,,,,,,,,,,,,,,,,,,,,,,,,,,,,,,,,,,,,,,,,,,,,,,,,,,,,,,,,,,,,,,,,,,,,,,,,,,,,,,,,,,,,,,,,,,,,,,,,,,,,,,,,,,,,,,,,,,,,,,,,,,,,,,,,,,,,,,,,,,,,,,,,,,,,,,,,,,,,,,,,,,,,,,,,,,,,,,,,,,,,,,,,,,1.0,0.0,664.0,0.0,0.0,0.0,0.0,73602254.0,73602253.0,0.0,0.0,0.0,0.0,0.0,7.645800000055658e-05,0.0,0.012979105999995966,9.407198755,9.541663452,0.0,9.407237808,9.407224746,9.541713919,0.0,9.541036469,0.0,0.0,0.0,0.0
17106975484229785260,0,5e4a09c72949f70c2bab629d3baca2d8,1096764,1624301973,1624307924,6b59cb0dabe66a81faed6306acf7fc5f,gpfs,/gpfs/alpine,,,,,,,,,,,,,,,,,,,,,,,,,,,,,,,,,,,,,,,,,,,,,,,,,,,,,,,,,,,,,,,,,,,,,,,,,,,,,,,,,,,,,,,,,,,,,,,,,,,,,,,,,,,,,,,,,,,,,,,,,,,,,,,,,,,,,,,,,,,,,,,,,,,,,,,,,,,,,,,,,,,,,,,,,,,,,,,,,,,,,,,,,,,,,,,,,,,,,,,,,,,,,,,,,,,,,,,,,,,,,,,,,,,,,,,,,,,,,,,,,,,,,,,,,,,,,,,,,,,,,,,,,,,,,,,,,,,,,,,,,,,,,,,,,,,,,,,,,,,,,,,,,,,,,,,,,,,,,,,,,,,,,,,,,,,,,,,,,,,,,,,,,,,,,,,,,,,,,,,,,,,,,,,,,,,,,,,,,,,,,,,,,,,,,,,,,,,,,,,,,,,,,,,,,,,,,,,,,,,,,,,,,,,,,,,,,,,,,,,,,,,,,1.0,0.0,0.0,177.0,0.0,1.0,24319948.0,0.0,0.0,24319947.0,0.0,0.0,0.0,0.0,0.001142490999995971,0.0052711240001031,0.0,404.980077284,405.001441251,404.981084611,0.0,404.981013016,405.00164801,405.001440508,0.0,0.0,0.0,0.0,0.0
17290546861430481501,0,5e4a09c72949f70c2bab629d3baca2d8,1096764,1624301973,1624307924,8ea902bc32ecc80732ca4d6a49f66d08,gpfs,/gpfs/alpine,,,,,,,,,,,,,,,,,,,,,,,,,,,,,,,,,,,,,,,,,,,,,,,,,,,,,,,,,,,,,,,,,,,,,,,,,,,,,,,,,,,,,,,,,,,,,,,,,,,,,,,,,,,,,,,,,,,,,,,,,,,,,,,,,,,,,,,,,,,,,,,,,,,,,,,,,,,,,,,,,,,,,,,,,,,,,,,,,,,,,,,,,,,,,,,,,,,,,,,,,,,,,,,,,,,,,,,,,,,,,,,,,,,,,,,,,,,,,,,,,,,,,,,,,,,,,,,,,,,,,,,,,,,,,,,,,,,,,,,,,,,,,,,,,,,,,,,,,,,,,,,,,,,,,,,,,,,,,,,,,,,,,,,,,,,,,,,,,,,,,,,,,,,,,,,,,,,,,,,,,,,,,,,,,,,,,,,,,,,,,,,,,,,,,,,,,,,,,,,,,,,,,,,,,,,,,,,,,,,,,,,,,,,,,,,,,,,,,,,,,,,,,1.0,0.0,0.0,177.0,0.0,1.0,24323836.0,0.0,0.0,24323835.0,0.0,0.0,0.0,0.0,0.0012286969986234908,0.005363437002415594,0.0,5552.193485515,5552.21474662,5552.194581552,0.0,5552.194510019,5552.214950813,5552.214746017,0.0,0.0,0.0,0.0,0.0
15920181672442173319,-1,5e4a09c72949f70c2bab629d3baca2d8,1096764,1624301973,1624307924,1f51c73eef4ce3c1e91617bd41f9aa51,UNKNOWN,UNKNOWN,,,,,,,,,,,,,,,,,,,,,,,,,,,,,,,,,,,,,,,,,,,,,,,,,,,,,,,,,,,,,,,,,,,,,,,,,,,,,,,,,,,,,,,,,,,,,,,,,,,,,,,,,,,,,,,,,,,,,,,,,,,,,,,,,,,,,,,,,,,,,,,,,,,,,,,,,,,,,,,,,,,,,,,,,,,,,,,,,,,,,,,,,,,,,,,,,,,,,,,,,,,,,,,,,,,,,,,,,,,,,,,,,,,,,,,,,,,,,,,,,,,,,,,,,,,,,,,,,,,,,,,,,,,,,,,,,,,,,,,,,,,,,,,,,,,,,,,,,,,,,,,,,,,,,,,,,,,,,,,,,,,,,,,,,,,,,,,,,,,,,,,,,,,,,,,,,,,,,,,,,,,,,,,,,,,,,,,,,,,,,,,,,,,,,,,,,,,,,,,,,,,,,,,,,,,,,,,,,,,,,,,,,,,,,,,,,,,,,,,,,,,,,168.0,0.0,0.0,545.0,0.0,129.0,22733.0,0.0,0.0,22732.0,1.0,0.0,0.0,22733.0,0.0,0.008015357999721428,0.0,0.0,0.0,0.003998474,0.0,0.0,0.0,5951.287309103,0.0,0.0,0.008015357999721428,3.801401631674324e-07,3057816.4421414398
